url,clicks,impressions,avg_position,ctr
/services/technical-seo,1873,44027,9.907527777777778,0.04254207645308561
/services/seo-consulting,1160,27258,9.634555555555556,0.04255631374275442
