url,clicks,impressions,avg_position,ctr
/services/technical-seo,1873,44027,9.907527777777778,0.04254207645308561
/blog/technical-seo-guide,1537,46445,11.00461111111111,0.03309290558725374
/blog/seo-audit-checklist,1409,39887,11.04918819188192,0.035324792538922456
/services/seo-consulting,1160,27258,9.634555555555556,0.04255631374275442
/blog/keyword-clustering,1083,28578,10.900518518518519,0.037896283854713414
/blog/internal-linking-strategy,1015,28742,11.095296296296297,0.035314174378957626
/blog/ecommerce-seo-tips,999,27589,10.926111111111112,0.03621008372902244
/blog/local-seo-milan,857,23662,11.206777777777777,0.0362184092637985
